<?xml version="1.0" encoding="UTF-8"?>
<beans:beans xmlns:int="http://www.springframework.org/schema/integration"
	xmlns:xsi="http://www.w3.org/2001/XMLSchema-instance"
	xmlns:beans="http://www.springframework.org/schema/beans"
	xmlns:context="http://www.springframework.org/schema/context"
	xmlns:int-stream="http://www.springframework.org/schema/integration/stream"
	xmlns:si-xml="http://www.springframework.org/schema/integration/xml"
	xsi:schemaLocation="http://www.springframework.org/schema/beans
		https://www.springframework.org/schema/beans/spring-beans.xsd
		http://www.springframework.org/schema/context
		https://www.springframework.org/schema/context/spring-context.xsd
		http://www.springframework.org/schema/integration
		https://www.springframework.org/schema/integration/spring-integration.xsd
		http://www.springframework.org/schema/integration/stream
		https://www.springframework.org/schema/integration/stream/spring-integration-stream.xsd
		http://www.springframework.org/schema/integration/xml
  		http://www.springframework.org/schema/integration/xml/spring-integration-xml.xsd">

	<int:annotation-config/>

	<context:component-scan base-package="com.example.spring.integration"/>

	<int:gateway id="offerGateway" service-interface="com.example.spring.integration.gateway.OfferGateway"/>
	<int:gateway id="responseQueueGateway" service-interface="com.example.spring.integration.gateway.ResponseQueueGateway"/>

	<int:channel id="offers"/>
	<int:channel id="offerTypeRouter"/>
	<int:channel id="ems"><int:queue capacity="10"/></int:channel>
	<int:channel id="fvt"><int:queue capacity="10"/></int:channel>
	<int:channel id="emsFvt"/>
	<int:channel id="emsOffer"/>
	<int:channel id="preparedOffer"/>
	<int:channel id="objectToJsonChannel"/>

	<int:bridge input-channel="fvt" output-channel="emsFvt">
		<int:poller fixed-delay="1000"/>
	</int:bridge>

	<int:bridge input-channel="ems" output-channel="emsOffer">
		<int:poller fixed-delay="1000"/>
	</int:bridge>


	<!-- <int:object-to-json-transformer input-channel="objectToJsonChannel" output-channel="outboundJmsChannel" content-type="text/x-json"/> -->

	<beans:bean id="offerMarshaller"
		class="org.springframework.oxm.jaxb.Jaxb2Marshaller">
			<beans:property name="packagesToScan"
			value="com.example.spring.integration.dto.xml" />
	</beans:bean>
	
	<int:channel id="inboundAmqServiceChannel"/>
	<int:channel id="xmlToObjChannel"/>
	<int:channel id="xmlToJsonRequestChannel"/>
	<int:channel id="xmlObjToJsonObjChannel"/>
	<int:channel id="xmlToJsonResponseChannel"/>
	
	<si-xml:unmarshalling-transformer id="unmarshallingTransformer"
    input-channel="xmlToJsonRequestChannel"
    output-channel="xmlObjToJsonObjChannel"
    unmarshaller="offerMarshaller"/>
		
		
	<si-xml:marshalling-transformer
		input-channel="objectToXmlChannel" output-channel="objToStringChannel"
		marshaller="offerMarshaller"
		result-type="StringResult"/>
	
	<int:object-to-string-transformer input-channel="objToStringChannel" output-channel="outboundJmsChannel"/>
	
		
		<int:channel id="objectToXmlObjChannel"/>
		<int:channel id="objectToXmlChannel"/>
		<int:channel id="objToStringChannel"/>
		
		
</beans:beans>
